customer_id,probability
6815,0.35527247
27914,0.76480484
31385,0.08667822
38084,0.0146852145
78659,0.77616614
85327,0.37311748
85635,0.24242795
168767,0.6769441
172390,0.3437225
186730,0.5207914
279454,0.8730507
302489,0.46052825
312146,0.6902464
461627,0.5947178
493506,0.96494263
498222,0.13857327
516081,0.032373276
544719,0.83614767
570018,0.9744813
603086,0.6412298
610375,0.34605223
611788,0.42758512
621247,0.021663623
630248,0.48374408
701335,0.7940463
750056,0.5213723
760558,0.54090077
775341,0.020915397
784488,0.09584773
815836,0.9340651
824085,0.09021532
867851,0.2411168
890531,0.9190893
904122,0.95724076
927818,0.90602535
938354,0.5658889
954126,0.14448181
984867,0.047756564
987798,0.8707644
1013552,0.8754736
1020634,0.088783115
1029705,0.059775863
1099483,0.5729526
1133595,0.53977615
1136140,0.97705805
1217764,0.9035299
1230741,0.6686721
1256938,0.15903164
1291480,0.6783631
1298146,0.9102048
1336622,0.6304731
1377061,0.06057655
1508066,0.18883485
1541259,0.11200938
1562005,0.97060007
1567291,0.9371515
1568833,0.60242975
1626561,0.97912484
1643831,0.13895549
1645333,0.58839905
1691972,0.77564657
1701585,0.7203944
1716098,0.8180936
1747033,0.34811634
1748625,0.054307677
1764918,0.6788136
1798485,0.9682103
1804650,0.18347335
1810386,0.11693454
1929883,0.29958618
1936060,0.346013
1988154,0.28622308
1994043,0.19970223
2130072,0.053818528
2151916,0.06714693
2173974,0.9479901
2219074,0.36482918
2317888,0.6073956
2354592,0.8232052
2420841,0.54772615
2426906,0.045349196
2444292,0.19116412
2467346,0.12491521
2569589,0.08551771
2611958,0.40301448
2649097,0.056287374
2673490,0.83649695
2680117,0.8979687
2684078,0.6360552
2692812,0.6274879
2702587,0.079474665
2705672,0.37162653
2741822,0.94054395
2750594,0.36738315
2775006,0.31194144
2777285,0.5933567
2787811,0.42646018
2790265,0.18393184
2852393,0.8854015
2925124,0.78247154
2946788,0.15884024
2950983,0.24742383
2992932,0.36328796
3031425,0.37674877
3075545,0.09605946
3082002,0.06034205
3093845,0.95972204
3141788,0.008144102
3156819,0.5305781
3202482,0.9745306
3241242,0.79381406
3260907,0.006769248
3316837,0.25276053
3321077,0.6778529
3323243,0.23308364
3332843,0.015277719
3356075,0.39195424
3357959,0.0082373675
3363940,0.015062565
3440764,0.38624746
3453773,0.9249859
3501340,0.30433914
3528539,0.54700357
3539993,0.11507924
3605631,0.7779601
3618976,0.31957906
3690249,0.5017105
3707746,0.43632108
3719119,0.37070414
3729674,0.05759843
3741760,0.026590547
3743929,0.9338137
3750128,0.46593925
3788060,0.7314831
3854679,0.40316302
3857377,0.370996
3902265,0.26153767
3918071,0.69287825
3931715,0.55170166
3951882,0.15953873
4015488,0.0064367885
4077097,0.020269414
4078534,0.9824358
4093894,0.20629957
4181983,0.8879273
4243994,0.003973815
4286902,0.70897955
4303845,0.012865479
4309953,0.25163034
4314113,0.513094
4395772,0.861172
4415650,0.56545377
4543137,0.6162273
4610275,0.4513655
4612839,0.8913539
4618247,0.11423477
4631488,0.8363979
4638377,0.044020217
4662805,0.36952624
4681159,0.6770405
4690246,0.1266805
4707466,0.2140138
4725454,0.21413997
4730614,0.25236884
4736715,0.5916492
4740895,0.36682323
4747261,0.016285747
4829848,0.24088585
4840730,0.44335854
4895767,0.16330577
4896321,0.9685356
4904693,0.0034517054
4913258,0.15309757
5003413,0.58333635
5010022,0.9780899
5030826,0.88888764
5038906,0.12489856
5063900,0.768309
5079103,0.4058098
5080512,0.3510694
5102946,0.72560334
5115320,0.65369964
5128692,0.16770336
5129634,0.48074952
5179705,0.12590855
5191421,0.3529136
5222307,0.8709028
5234323,0.06596482
5249686,0.5851072
5253697,0.8867111
5285278,0.8161054
5288179,0.9100573
5301525,0.063128315
5308727,0.9232395
5351670,0.25023532
5353298,0.6082072
5360260,0.26161546
5377646,0.94691926
5413522,0.11852275
5437224,0.28789276
5442432,0.38072902
5466673,0.3450159
5471887,0.10568522
5509085,0.3548722
5522306,0.16703883
5529000,0.42120087
5534381,0.3904807
5542063,0.86988056
5546147,0.3234039
5591410,0.77985764
5593463,0.5980649
5595865,0.72111434
5620816,0.17859457
5650565,0.2969001
5680412,0.3777038
5684340,0.12915686
5712129,0.31068623
5728776,0.13962963
5812748,0.123610236
5813739,0.610902
5873100,0.4994451
5904549,0.91059005
5917074,0.47831413
5932512,0.8631302
5947256,0.9090105
5962572,0.03618204
5963521,0.36006337
5979147,0.84789366
5987772,0.16185877
6022714,0.23788327
6028275,0.9962065
6057858,0.93737507
6070760,0.33516708
6095580,0.018531539
6128165,0.13519125
6168444,0.6998758
6180127,0.29299432
6201435,0.13190778
6229170,0.3377269
6230637,0.3886109
6237240,0.78239125
6260068,0.9173197
6263636,0.83830297
6297061,0.99357116
6299035,0.018946165
6342326,0.2436042
6419331,0.8751704
6506523,0.39654124
6512034,0.057214264
6563583,0.15563342
6693917,0.8420641
6740969,0.91292834
6743603,0.19892603
6777272,0.70855844
6781439,0.9792931
6802435,0.16802454
6808459,0.94826627
6812280,0.8751955
6833739,0.25315484
6912082,0.34284577
6959386,0.13313715
6967729,0.38554245
6987246,0.38375852
6992283,0.006058286
7031302,0.5339334
7036054,0.7225752
7042491,0.394222
7050763,0.010412489
7054459,0.8012799
7063514,0.8885062
7154063,0.32552588
7176009,0.37297335
7190640,0.042557124
7259712,0.2905513
7260407,0.0423633
7274248,0.075299375
7277718,0.60494953
7286014,0.023796793
7334738,0.18112025
7417224,0.059416577
7443671,0.4749678
7468632,0.31967953
7481941,0.6042533
7515266,0.36143547
7529955,0.36314723
7643575,0.7610093
7738852,0.03301478
7802693,0.3804162
7825000,0.9673739
7928829,0.22568275
7941670,0.7924865
7992478,0.5094822
8005009,0.863136
8014460,0.4186243
8039667,0.51795024
8039989,0.108276695
8057640,0.5642781
8117702,0.09238602
8147226,0.115823135
8180711,0.10371804
8232432,0.095064074
8242368,0.38931468
8251225,0.16574968
8260849,0.020987213
8269375,0.4237247
8311063,0.31432512
8318445,0.97199035
8320225,0.14397521
8411774,0.27140793
8495915,0.3928944
8508392,0.0545451
8572281,0.3302853
8605057,0.2833682
8610584,0.47603884
8632843,0.21963148
8673276,0.33270568
8682085,0.96367824
8685331,0.073199056
8785015,0.06366681
8806206,0.20027672
8822658,0.6260051
8836504,0.30889043
8890644,0.8952623
8958297,0.26071507
9018309,0.08076295
9054088,0.09987786
9074485,0.32622224
9085668,0.17688492
9093576,0.94448286
9094483,0.14048183
9099643,0.84502524
9149677,0.34696165
9184053,0.6156008
9185026,0.33773357
9211054,0.53716195
9256099,0.19995907
9305819,0.7847071
9363087,0.112845786
9373238,0.55260843
9384247,0.15913345
9398001,0.56872654
9416660,0.36480546
9435622,0.8720171
9659665,0.28095946
9672790,0.04378481
9688107,0.15953808
9700419,0.34373978
9807993,0.6971107
9841413,0.8610618
9863722,0.031690672
9871840,0.51360357
9894840,0.52397066
9899289,0.74706304
9906759,0.055924673
9962760,0.3364011
9992069,0.6445242
10005741,0.6735598
10011328,0.8384893
10014090,0.01803352
10018695,0.36633044
10023080,0.98766625
10034284,0.2652451
10067396,0.34727082
10078312,0.6055788
10094853,0.32547575
10126330,0.43613252
10179649,0.49852082
10252148,0.910598
10257726,0.7286525
10280886,0.06905258
10304262,0.64041454
10334951,0.50798833
10403039,0.30929282
10464121,0.10546853
10476857,0.3612161
10519292,0.70664877
10524021,0.07075169
10598219,0.23932984
10682079,0.86551887
10685683,0.06376145
10690962,0.25200528
10696706,0.48175013
10722119,0.8169343
10727511,0.52519745
10759723,0.75938904
10774706,0.53143084
10888907,0.22556284
10909988,0.30794227
10915793,0.9860963
10967870,0.16004945
11073241,0.038282145
11094849,0.10018984
11123573,0.06705516
11142969,0.37782386
11143956,0.084927924
11234608,0.19857797
11259870,0.080031484
11327023,0.5902212
11349383,0.09823646
11365859,0.026179733
11381668,0.7710187
11397041,0.69456124
11434701,0.44697353
11446286,0.07773477
11460051,0.12503795
11476779,0.27563688
11529524,0.23787023
11562634,0.0060180374
11573006,0.8851423
11625700,0.9023329
11627763,0.42909542
11631304,0.38722676
11631823,0.6414892
11637315,0.76206064
11661664,0.15576
11671863,0.084014185
11691762,0.02148661
11738678,0.8974101
11765794,0.6177773
11777784,0.24295318
11851829,0.08528515
11925955,0.10860395
11931236,0.3285177
11931380,0.08925406
11935430,0.3280312
12042186,0.7030713
12053904,0.74134177
12056620,0.23306185
12069120,0.016527068
12116728,0.059395164
12252020,0.98188055
12261215,0.62945706
12273634,0.1894666
12279093,0.9650782
12282192,0.35183454
12289409,0.5610402
12342280,0.62015706
12390619,0.9257149
12434084,0.04872559
12437618,0.055062298
12448845,0.16257665
12468790,0.17849092
12520991,0.48783195
12528382,0.47418168
12542015,0.03501762
12564682,0.38721532
12596291,0.6714582
12610287,0.7468592
12680585,0.3801782
12697220,0.71564704
12701940,0.21422334
12707826,0.54685926
12711646,0.7373076
12728902,0.2723296
12785195,0.70548433
12914769,0.8505594
12925117,0.86481965
12932872,0.63379437
12976812,0.31122085
12981242,0.38634518
12981808,0.9747608
13011786,0.89967006
13179575,0.025613384
13182172,0.21614972
13191753,0.30767995
13241753,0.028241185
13245340,0.7678173
13246133,0.9757893
13260220,0.56311905
13267878,0.18519795
13324952,0.7066524
13325805,0.83496445
13358704,0.30545917
13389616,0.35007173
13418393,0.92961174
13422613,0.7289124
13451353,0.3178671
13520040,0.17014301
13528851,0.65604216
13552331,0.70410293
13554236,0.37490115
13568964,0.40805444
13572234,0.102903426
13602205,0.26464075
13605073,0.56026155
13620003,0.75458145
13637343,0.89296436
13659037,0.30553356
13670238,0.36287615
13672389,0.17666286
13734049,0.70080405
13751660,0.36933535
13825301,0.2367738
13868306,0.6062265
13872241,0.43721163
13888991,0.4913201
13889184,0.93512857
13910371,0.0057834997
14101528,0.62168413
14143258,0.5184052
14154413,0.6867403
14166485,0.9548345
14178332,0.6767936
14180180,0.95454836
14221391,0.64997894
14248648,0.8760045
14267405,0.21901886
14330113,0.5046605
14331004,0.94992757
14353260,0.6565452
14382698,0.237964
14409598,0.9688849
14444565,0.66232246
14454081,0.14360824
14476637,0.14303093
14551898,0.07782821
14602021,0.08343096
14630687,0.1384436
14656498,0.078260586
14682884,0.9906944
14711088,0.29609168
14736748,0.18836552
14739087,0.2997841
14866430,0.8843502
14872527,0.21284522
14875577,0.95832217
14892960,0.2901554
14937933,0.2315024
14953743,0.943974
14980520,0.85171473
14988970,0.94429886
14990644,0.17135078
15004238,0.64103156
15031489,0.71502703
15044221,0.16277093
15053840,0.9048548
15058566,0.06787619
15088828,0.40741572
15142137,0.015210884
15166647,0.1392474
15197816,0.9088368
15206594,0.07951447
15218842,0.3603502
15282992,0.019750256
15283573,0.1393134
15325309,0.9270818
15413183,0.45627502
15458619,0.29691544
15496197,0.86284107
15510666,0.3875119
15515571,0.7414451
15577036,0.6893544
15577985,0.9083307
15590380,0.70635784
15598730,0.18665393
15600058,0.2906936
15604721,0.32099944
15611978,0.19680314
15626188,0.09443469
15626531,0.030688917
15729290,0.40104452
15767586,0.13385276
15826213,0.837571
15836028,0.22555554
15836839,0.7876985
15841147,0.38344437
15847149,0.43971536
15856748,0.97555894
15867759,0.16277751
15894791,0.30707195
15926722,0.48928857
15956854,0.38926125
15964289,0.08884335
16048969,0.039043058
16049334,0.9898301
16057697,0.29699868
16089461,0.4021466
16198741,0.92854804
16213543,0.5542433
16253417,0.35808378
16274002,0.98628414
16295869,0.26135978
16359236,0.97915626
16371796,0.2192064
16392564,0.4266212
16393345,0.521512
16395398,0.20832807
16395910,0.1057561
16419087,0.042421762
16454787,0.9323061
16462973,0.96908534
16505024,0.9623531
16527738,0.9625484
16563089,0.9054216
16563768,0.8637651
16568750,0.71553487
16579578,0.76443136
16585493,0.08752303
16588270,0.3441288
16604678,0.79375464
16617908,0.077210635
16622470,0.49724695
16634239,0.9627775
16697632,0.5724787
16744894,0.9339777
16745983,0.29686517
16768663,0.64094466
16843415,0.5087082
16862454,0.6044766
16938566,0.6557567
16967590,0.4178917
17090426,0.7113122
17095064,0.83748883
17096335,0.7233054
17096973,0.241558
17113299,0.20802982
17120363,0.4031125
17120770,0.29129007
17166860,0.16643322
17168015,0.54863524
17171316,0.18288481
17173846,0.036502764
17260193,0.70997447
17292612,0.77139646
17302287,0.20300694
17306217,0.14247061
17340837,0.91416633
17392669,0.935953
17396832,0.004862055
17422997,0.8165232
17447144,0.40622473
17459382,0.14566271
17576256,0.03958818
17580250,0.10091812
17589274,0.2001446
17661325,0.12717044
17703557,0.95278513
17703907,0.026252631
17737985,0.52805895
17750079,0.8732334
17755070,0.47575343
17761745,0.7504075
17774807,0.87311286
17832283,0.6519498
17859769,0.15498987
17880785,0.8465817
17888939,0.5750807
17899884,0.9315891
17908138,0.3898253
17914429,0.009103338
17958840,0.49749857
17979664,0.15479676
18000572,0.18968114
18029928,0.6574567
18032393,0.7131534
18126138,0.06053256
18152172,0.6795943
18213223,0.20155291
18213962,0.84380746
18230930,0.16540068
18256987,0.9826481
18263937,0.13547863
18293426,0.1455405
18321497,0.62690824
18344091,0.08936161
18348644,0.6779449
18366978,0.16128825
18454528,0.83285064
18470346,0.7024231
18488176,0.01552761
18501812,0.89849836
18528564,0.56289184
18562357,0.017978959
18571719,0.6047074
18746693,0.93808424
18798580,0.46825936
18812819,0.1890867
18877330,0.55693907
18879570,0.7096859
18904103,0.5425753
18935419,0.022971002
18935754,0.46057534
18965515,0.7212309
19006787,0.06225823
19031983,0.5145586
19061005,0.9639798
19101727,0.6426548
19110007,0.060036946
19239257,0.23351857
19261311,0.6579569
19282673,0.9584306
19345776,0.56550163
19375709,0.4747249
19380379,0.051983222
19404141,0.41491315
19425991,0.19360478
19438089,0.9241719
19621396,0.9521197
19624198,0.8481692
19633697,0.03716741
19635150,0.87937945
19644719,0.44120255
19652861,0.075383365
19711526,0.5290638
19718389,0.3369556
19769561,0.30708605
19805868,0.44443238
19837712,0.37507984
19860515,0.40400186
19886336,0.111585684
19903269,0.15224543
19922031,0.2736899
19954875,0.9608285
19968378,0.58404267
20018771,0.1939486
20081482,0.5766347
20083809,0.6642859
20160829,0.25374514
20161090,0.013586412
20172188,0.5050271
20172819,0.58609873
20190882,0.10727932
20200542,0.15919623
20200583,0.19659196
20244690,0.07989971
20254708,0.0034777808
20266038,0.4491037
20297899,0.9706727
20320139,0.89523816
20352822,0.42082062
20357009,0.27331328
20358875,0.70495397
20366336,0.09205498
20370696,0.16458036
20371922,0.29272094
20381429,0.7625261
20387931,0.9516155
20391178,0.055129513
20467257,0.5162756
20524734,0.4001877
20539604,0.98049325
20580998,0.07391975
20614300,0.90204364
20636171,0.21524134
20645905,0.38593453
20646461,0.53499436
20698661,0.95196134
20784292,0.11124153
20789093,0.65693444
20795048,0.48632127
20852671,0.6700074
20881726,0.03676971
20910492,0.07317798
20931581,0.20981084
20962886,0.25101286
20963156,0.5157976
20977835,0.94846946
20984811,0.42203853
20993674,0.06263598
20995341,0.4635779
21002565,0.29179665
21019874,0.2152129
21077584,0.28234544
21143923,0.41928467
21153587,0.54768
21215477,0.91637814
21227440,0.17124783
21248516,0.5946233
21262060,0.02814655
21275495,0.8634566
21328244,0.20516895
21330554,0.8920648
21335190,0.12574741
21396319,0.28151712
21489148,0.6557639
21493304,0.20189422
21512738,0.07492782
21527087,0.31960553
21632339,0.35367316
21638159,0.29518765
21717419,0.85882586
21770327,0.5350364
21835349,0.90649456
21842478,0.93540615
21859319,0.008655733
21865414,0.22211297
21869965,0.37930226
21871084,0.47046968
21882934,0.56936914
21883222,0.015380962
21888387,0.26617816
21940747,0.5765231
21947799,0.2685776
21968868,0.047210757
22000295,0.7722837
22061791,0.53678656
22147183,0.95539296
22161142,0.62322354
22162475,0.2282451
22179409,0.3199406
22199923,0.8955791
22203942,0.97665375
22235271,0.8549545
22242402,0.41462663
22255163,0.21429528
22331456,0.5097478
22333911,0.9814392
22338028,0.22587201
22364003,0.27906653
22407584,0.03500577
22435534,0.70278156
22490308,0.109386176
22490949,0.08223498
22544752,0.20709479
22576987,0.7354559
22617472,0.6067216
22665815,0.5468528
22669958,0.8677221
22687518,0.9622769
22688666,0.22078626
22739382,0.47763598
22756680,0.12114878
22771802,0.075607836
22772988,0.4259147
22787448,0.05860243
22850599,0.24345465
22986190,0.62951905
23014262,0.67865866
23015407,0.31062576
23030452,0.42464465
23031582,0.35418087
23060623,0.6486983
23097908,0.0759527
23160845,0.09368646
23175388,0.19272898
23188180,0.48417026
23190416,0.16739555
23204999,0.37949267
23207606,0.69599444
23234918,0.26728413
23293291,0.08038353
23303521,0.74244297
23329206,0.06050847
23329654,0.026099691
23370346,0.3570022
23378995,0.20257254
23404507,0.57291985
23409492,0.60035115
23410682,0.8397038
23414531,0.47653928
23427716,0.103642315
23513295,0.20758346
23524823,0.6543616
23529792,0.4117249
23667900,0.4786882
23690961,0.13853204
23696398,0.9759926
23702730,0.0074140737
23758146,0.42483568
23833911,0.66774875
23834826,0.5945513
23840539,0.2864231
23849001,0.46541995
23878723,0.3103552
23912204,0.8517833
23924835,0.8571755
23940292,0.89545184
23942860,0.42716447
23993168,0.21846521
23999534,0.642328
24048165,0.9159874
24076035,0.34259564
24076942,0.47366697
24105909,0.104570135
24114731,0.12640522
24119285,0.35766628
24133283,0.9336797
24140887,0.9849675
24186770,0.34931883
24201843,0.57423866
24224910,0.95514363
24250698,0.6610421
24270279,0.4630997
24271809,0.06978015
24316154,0.08043882
24359783,0.091016196
24403379,0.84418374
24436367,0.90940696
24485988,0.50428736
24504312,0.5315529
24521666,0.25664523
24599321,0.6466958
24603771,0.9577809
24638488,0.9790267
24654877,0.33002812
24657317,0.009025174
24675050,0.09259601
24806693,0.49398243
24812943,0.6670276
24825702,0.8972942
24840888,0.09023678
24864601,0.9102241
24885229,0.17471425
24915105,0.5306418
24951191,0.9807381
24953128,0.52442545
24965506,0.97798353
24998223,0.7593813
25008534,0.07725145
25013975,0.7845393
25014745,0.9792269
25022645,0.13928984
25059462,0.7979167
25060635,0.06897192
25063166,0.59052616
25075275,0.55832034
25092334,0.16788282
25174482,0.15399507
25203159,0.07570859
25227354,0.631357
25252032,0.025836749
25270793,0.3847067
25290690,0.26790965
25311951,0.09407612
25365246,0.041975543
25377986,0.96249765
25382978,0.5660073
25439154,0.19974539
25445257,0.60735697
25446500,0.015749553
25533019,0.8504659
25533203,0.20353073
25537795,0.7986699
25588143,0.85194004
25607693,0.38506916
25607733,0.2893521
25726952,0.79778844
25734080,0.27417183
25773882,0.18005504
25793682,0.32106596
25826539,0.18779674
25850527,0.2040045
25850578,0.77482367
25867134,0.9055982
25935635,0.61502236
25979685,0.99731654
25992960,0.30918878
26044859,0.9468763
26055781,0.091575615
26057697,0.08494962
26113070,0.9160546
26138847,0.66721743
26140894,0.24335742
26147466,0.018745821
26175533,0.23044226
26215041,0.96452886
26285318,0.9032997
26314167,0.24789168
26340343,0.8748128
26342114,0.15481584
26348533,0.6757102
26358410,0.45824724
26365005,0.30466303
26396464,0.87810296
26409535,0.22830074
26447342,0.08519463
26470034,0.32597393
26485301,0.54422945
26525546,0.32930538
26530363,0.4077892
26614582,0.78002375
26653245,0.4844595
26678456,0.36794168
26689827,0.78531516
26692453,0.3089455
26698770,0.5348778
26709486,0.06380685
26746693,0.029553419
26758611,0.052537173
26847647,0.71030927
26863470,0.32789397
26952117,0.32379878
26972587,0.6071546
26983288,0.28876737
27005693,0.7903155
27015970,0.13130441
27048150,0.6951693
27071478,0.30323762
27087373,0.34961823
27133006,0.08221402
27147002,0.2007337
27149366,0.11346012
27151776,0.17947847
27222211,0.33927792
27233366,0.46851602
27248700,0.63717717
27255147,0.1336197
27264666,0.89723825
27282344,0.83969337
27322560,0.15562336
27328236,0.19718163
27338380,0.073274516
27428580,0.95707214
27445778,0.51467997
27558571,0.28231427
27583567,0.9558349
27589190,0.63952905
27591938,0.9572758
27592910,0.031021427
27686598,0.5528033
27747387,0.07303327
27821848,0.3328841
27911465,0.8194081
27966663,0.4339571
28008761,0.90494543
28014294,0.9768059
28035686,0.66669536
28051379,0.9412825
28057724,0.7332934
28074722,0.96389085
28081323,0.20161124
28112647,0.30227432
28118312,0.111156285
28168112,0.49968752
28212229,0.9473152
28257491,0.44495866
28336912,0.7424798
28339867,0.9811125
28396233,0.48759115
28400001,0.21308765
28423951,0.26181427
28434818,0.025329387
28444589,0.9862228
28463720,0.95535463
28551353,0.18013203
28557894,0.78351873
28564573,0.29858947
28565998,0.069777064
28606276,0.59536546
28725127,0.1095026
28759598,0.09468381
28781763,0.34748808
28783783,0.060721006
28786138,0.95700955
28818415,0.808237
28868771,0.9487768
28870141,0.16529822
28878220,0.26668316
28889897,0.87757134
28893182,0.50730735
28933074,0.43353382
28934622,0.2734049
28976550,0.9678344
28982398,0.8516695
29010981,0.43986338
29011261,0.009129437
29041434,0.21604675
29053196,0.828431
29087330,0.05005743
29099060,0.019568423
29112408,0.48110598
29117858,0.528077
29127439,0.21783663
29132189,0.4107833
29167135,0.25973108
29183544,0.48615554
29186944,0.4945185
29267573,0.35008684
29339434,0.67533004
29353035,0.58376163
29403638,0.96767545
29442850,0.46325865
29458021,0.9701461
29493830,0.9445548
29505771,0.70289356
29551787,0.5140187
29576425,0.9474815
29587179,0.15482448
29607953,0.4421697
29619922,0.67569
29634031,0.1299156
29709918,0.16194202
29735778,0.5943252
29765684,0.8060747
29786897,0.08106399
29788602,0.02158563
29801711,0.9160934
29833434,0.5742507
29840382,0.8764768
29854751,0.033421203
29865481,0.48792365
29894123,0.51128393
29898390,0.60805434
29940715,0.72361565
29967960,0.23484613
29973417,0.9453181
29983674,0.9421692
30001841,0.0015251219
30006817,0.17388916
30079889,0.9212837
30085165,0.6279733
30111028,0.47921807
30125207,0.45290926
30141443,0.62815315
30168354,0.44143376
30172244,0.10431045
30195213,0.2539533
30264358,0.9477382
30283845,0.34336945
30285081,0.42604238
30341243,0.4208834
30430588,0.9388735
30439633,0.57474554
30457443,0.12543182
30490199,0.1304534
30506468,0.19867788
30560785,0.8973498
30644657,0.042800553
30697873,0.9949738
30699304,0.7003792
30755081,0.1532677
30831381,0.7144242
30834367,0.74848473
30840108,0.6165328
30844520,0.54567987
30848325,0.7055308
30876640,0.47119844
30921430,0.90658516
30938302,0.6301797
31003635,0.98658806
31044034,0.8913786
31069536,0.6577012
31100225,0.25586525
31151172,0.6606187
31156946,0.4931056
31177544,0.3459428
31183339,0.2017749
31205433,0.8967046
31208282,0.52997345
31240824,0.32815653
31267301,0.3732598
31279058,0.18112876
31295824,0.78020173
31301557,0.31629583
31306497,0.5064245
31311421,0.038516823
31330652,0.043587077
31333924,0.042582076
31340253,0.49592847
31360931,0.5478207
31364323,0.68757755
31401636,0.3837715
31457538,0.67188346
31513070,0.98023754
31625291,0.36900944
31637135,0.73963714
31693859,0.23577824
31696857,0.8039536
31792501,0.96149814
31810428,0.73040724
31812869,0.1848336
31835145,0.41611537
31876837,0.19453146
31886314,0.1899033
31931874,0.34549
32036499,0.5741457
32054308,0.08401931
32092292,0.6705194
32112130,0.32154244
32161745,0.9911662
32285354,0.101607315
32312405,0.10250622
32321307,0.91090876
32351128,0.90246254
32358446,0.62682414
32374506,0.9473731
32385319,0.16552751
32395275,0.004800322
32404954,0.32697895
32429624,0.27233437
32439129,0.6141423
32454609,0.888552
32469456,0.06435704
32508187,0.2639428
32522184,0.8108995
32531135,0.5865833
32555286,0.12544803
32581473,0.50375545
32616105,0.43204245
32621083,0.20030111
32629580,0.19130448
32632097,0.44703293
32633567,0.097669706
32634493,0.3889598
32645788,0.78036743
32704323,0.8487747
32713709,0.09525803
32731799,0.2941156
32859557,0.867449
32894421,0.6450942
32960729,0.11621696
32976089,0.01868273
33014890,0.78479326
33026740,0.3840275
33050170,0.62768716
33164073,0.8396743
33175070,0.2416356
33247582,0.738127
33342698,0.3529201
33343185,0.7671266
33363936,0.32807955
33387370,0.4113281
33393472,0.2284789
33419986,0.12776957
33460128,0.32104576
33467462,0.37834153
33529423,0.63324875
33535313,0.57385224
33536824,0.75236446
33576170,0.91871345
33648292,0.2902419
33666459,0.8061693
33732775,0.15550666
33734077,0.19353923
33953111,0.99133193
33966960,0.60398036
33972779,0.96809095
33973846,0.19280793
34036744,0.9310187
34176319,0.43861306
34179937,0.9024312
34189519,0.20071943
34223624,0.1557753
34234802,0.96204346
34352632,0.89392465
34362299,0.24495657
34398747,0.9423756
34456298,0.7489662
34489466,0.38093865
34629057,0.38328767
34688933,0.26108596
34691946,0.06857344
34715212,0.05128273
34756635,0.008522545
34787585,0.109696016
34806331,0.062347576
34852168,0.49426544
34860405,0.4910332
34866080,0.04152682
34924644,0.08057908
34954694,0.7216725
34964311,0.071323566
34988175,0.67939353
35005722,0.015441101
35082187,0.6533869
35138403,0.70875514
35172258,0.41010383
35184532,0.39029342
35247422,0.0058178
35307259,0.37785926
35319172,0.96338254
35359347,0.28124648
35414109,0.7759015
35448726,0.40203816
35492706,0.18490231
35511212,0.55852103
35516031,0.13255726
35549929,0.18380998
35553603,0.5448371
35624532,0.0729338
35643572,0.8210349
35650432,0.5651164
35663901,0.29394138
35709310,0.2194721
35759014,0.56488556
35803543,0.6827709
35822286,0.5592877
35845743,0.13649647
35849054,0.98429364
35858905,0.21938048
35866332,0.9670119
35868459,0.20224373
35905456,0.50437075
35941928,0.44901118
35953316,0.48129684
35972896,0.98619986
35991697,0.46770775
36035955,0.15182191
36092225,0.41487515
36092410,0.015424038
36117188,0.36140358
36153872,0.38702196
36162951,0.944158
36187587,0.7714989
36305254,0.39683187
36458534,0.72071886
36482800,0.09801253
36502881,0.9737388
36517351,0.009716595
36555105,0.973586
36557220,0.15193975
36564741,0.44812965
36592809,0.7909535
36619588,0.30403182
36623340,0.876807
36659899,0.42335466
36661620,0.3117723
36671915,0.07959113
36701802,0.5164421
36713930,0.43025523
36759361,0.9590172
36775363,0.53504044
36837532,0.058774855
36865104,0.582879
36881891,0.9080237
36951274,0.49373263
36953699,0.3417792
36953929,0.7845903
36964057,0.89848053
36973559,0.07936561
36981135,0.5339502
36992402,0.1867927
37096892,0.74387074
37156682,0.4339301
37172387,0.051230587
37177066,0.97254544
37245184,0.33486217
37257010,0.004608277
37264362,0.060365442
37287632,0.40067792
37300700,0.042371582
37338139,0.2915618
37350713,0.5769657
37353898,0.24328399
37356584,0.45413065
37377974,0.78807926
37399762,0.58315957
37407799,0.4776467
37431906,0.6340748
37433974,0.5432005
37436581,0.4433907
37454994,0.24134076
37466831,0.07934138
37542561,0.8279816
37618982,0.66762114
37632574,0.97443783
37690416,0.96659106
37714083,0.52545464
37784855,0.40336734
37849382,0.89904964
37863592,0.04240005
37942288,0.12616363
37945354,0.09105852
37949420,0.030642979
38041857,0.8744709
38073232,0.28922984
38120939,0.780535
38127370,0.61810106
38149474,0.111235484
38191730,0.3901957
38209893,0.12783048
38225348,0.99450475
38251376,0.2491014
38506334,0.23060109
38598826,0.27111682
38634695,0.43843883
38648487,0.16867477
38657843,0.24470246
38659969,0.51186734
38685392,0.26911393
38688842,0.7227028
38689095,0.035979766
38691781,0.43591347
38738876,0.69535005
38809278,0.1959432
38819489,0.28520197
38880162,0.012173157
38928200,0.47016302
38946152,0.4392038
38971633,0.085385256
39015287,0.3145999
39156769,0.9515689
39170539,0.51152813
39171733,0.8868642
39186671,0.71879476
39189321,0.2362805
39214736,0.033403415
39216943,0.018898776
39222949,0.7231954
39226483,0.2572512
39295714,0.99227375
39310095,0.93119854
39351532,0.20459767
39354399,0.13241464
39358235,0.6841684
39510774,0.2689251
39529801,0.3452067
39548937,0.021318544
39559389,0.36875054
39561022,0.47853458
39653282,0.42915767
39656203,0.14891188
39668351,0.68783474
39697437,0.24139862
39727926,0.20988528
39777595,0.98452574
39839813,0.14415994
39860986,0.14505282
39863485,0.5897434
39887047,0.3934189
39893238,0.832801
39919267,0.23438536
39955603,0.87133414
40020227,0.72384834
40027989,0.342851
40072019,0.21778893
40099421,0.57923937
40122429,0.90385026
40132925,0.28146952
40133287,0.10233504
40139325,0.972485
40143664,0.7253438
40157852,0.52159876
40190777,0.41421145
40215179,0.060914148
40282390,0.27672067
40289546,0.97168905
40295622,0.8640163
40340012,0.52078676
40383983,0.95446104
40400496,0.45405126
40425759,0.024552066
40492336,0.47532856
40493306,0.050014634
40495786,0.4534623
40532686,0.11160119
40538394,0.471129
40544411,0.42085296
40595641,0.51728463
40659220,0.3335975
40676839,0.0866589
40703171,0.59482485
40746179,0.12556542
40758429,0.0132620325
40831123,0.34678516
40864017,0.52091473
40949707,0.696937
40979729,0.91180867
40996596,0.16079764
41077349,0.77053344
41089888,0.61974096
41115094,0.6992819
41214068,0.24396081
41218578,0.9779701
41220999,0.3473215
41289120,0.61953
41313766,0.26331076
41326260,0.31339294
41359098,0.99041957
41391145,0.16439645
41393715,0.00851598
41439986,0.012195505
41452342,0.7352412
41473142,0.86036354
41564128,0.046771728
41602678,0.1823013
41629286,0.29392132
41665012,0.090867124
41708415,0.75691766
41764042,0.3605808
41846184,0.84296876
41867930,0.091470055
41880269,0.9513692
41904626,0.9321792
41945496,0.48098212
41965418,0.28272194
41967614,0.46435744
42018297,0.4268348
42024119,0.89041936
42036396,0.94509697
42065452,0.5804068
42073636,0.016369171
42118302,0.7210928
42121332,0.030312182
42145298,0.7016347
42212106,0.9934784
42224807,0.85286474
42235367,0.34111628
42316195,0.40633205
42348677,0.7596449
42358512,0.0093085
42393167,0.66976696
42426678,0.94270295
42445381,0.9019581
42450881,0.9718522
42472185,0.7079207
42535898,0.047384683
42571629,0.7058297
42577027,0.25701156
42583209,0.16816123
42640091,0.5737086
42641019,0.5475606
42689265,0.46440646
42712944,0.119996175
42828657,0.0072807083
42840212,0.98563474
42860196,0.34968987
42896093,0.6558447
42911253,0.63734823
42947433,0.94048804
43021002,0.6445583
43030014,0.97397894
43035727,0.12781346
43045074,0.3418116
43046245,0.9224521
43074437,0.2725022
43100750,0.21496664
43124703,0.4372441
43175913,0.41710007
43184017,0.14341101
43192812,0.64638776
43214130,0.090290084
43243495,0.18499643
43280099,0.51220185
43300058,0.11144349
43325162,0.9763588
43346854,0.28169498
43433125,0.060121696
43453996,0.13433093
43467285,0.35419834
43506003,0.775445
43506939,0.64750093
43556246,0.92647934
43633440,0.89105874
43669023,0.17647715
43730931,0.9754098
43751504,0.15702339
43753351,0.3363889
43801606,0.6646618
43801813,0.1283516
43806960,0.40277073
43821173,0.056212954
43835016,0.5119525
43869219,0.240519
43907938,0.83223444
43916963,0.32380036
43918581,0.3599222
43941597,0.53561515
43957579,0.084057495
43962104,0.1451982
43968005,0.37766728
43985545,0.45165548
44029891,0.061786108
44060212,0.32085165
44103933,0.011991883
44124299,0.25349596
44130839,0.84146893
44160245,0.7302713
44199037,0.13052243
44199795,0.78748643
44274164,0.50588936
44284908,0.21964596
44319799,0.121775396
44325600,0.9414368
44416819,0.4065552
44455642,0.40502918
44464397,0.9760828
44466557,0.54014915
44495229,0.95952785
44515592,0.47193635
44521922,0.84406835
44570920,0.7464406
44581567,0.6796235
44593028,0.33726713
44632666,0.53013545
44632825,0.7298553
44662423,0.12818937
44666684,0.916491
44680427,0.85837615
44708064,0.39343682
44714700,0.74978995
44733932,0.73681164
44758820,0.39374056
44771419,0.0136580495
44772204,0.24467152
44829111,0.25432712
44859190,0.8261264
44865192,0.043874245
44900801,0.14139983
44933464,0.33609083
44953616,0.25514114
44982602,0.1025535
44995851,0.5209761
44995890,0.7847176
45082517,0.83601767
45114388,0.31365675
45173444,0.46647796
45203352,0.82896656
45211171,0.04357593
45225176,0.38332438
45339969,0.3972264
45340584,0.22614393
45348722,0.22672778
45427100,0.42945817
45431238,0.652098
45459901,0.33897558
45482726,0.28168103
45510423,0.18461722
45512022,0.33340752
45516707,0.020758035
45525762,0.23463084
45532887,0.00560902
45557459,0.53565687
45567492,0.30183217
45575726,0.13961884
45600604,0.28678718
45646491,0.2641111
45659157,0.6427355
45691735,0.39309132
45696212,0.44059995
45701606,0.88396794
45702843,0.43416518
45709137,0.2809151
45757089,0.8086985
45758154,0.6662387
45761613,0.24635568
45772959,0.08289094
45846624,0.83440846
45882698,0.23116773
45885513,0.020364985
45897442,0.97712916
45951692,0.45633703
45959906,0.10105148
45982409,0.36203516
46037128,0.848162
46062086,0.32882363
46074662,0.45356685
46110124,0.042614933
46134404,0.6231013
46134994,0.9952852
46142955,0.3755858
46148987,0.4109655
46217685,0.117448136
46259146,0.33576518
46270513,0.051494688
46314531,0.7836958
46354312,0.188979
46355843,0.12359613
46366568,0.60686356
46377895,0.62257785
46392653,0.7096506
46413661,0.22796883
46519103,0.18218967
46573779,0.24005528
46581047,0.86708146
46606761,0.5300127
46698940,0.45490873
46705143,0.79656565
46740639,0.13539106
46783234,0.2741051
46812240,0.1132814
46890366,0.1612459
46911385,0.15978527
46949310,0.25554577
46982480,0.16423593
46992221,0.30010158
46999340,0.91854393
47056744,0.94523317
47117781,0.03287672
47160860,0.9267148
47169483,0.22681683
47170303,0.4187683
47173984,0.45301014
47263147,0.7434638
47304072,0.088572085
47328757,0.61892205
47350031,0.05034414
47365105,0.06677081
47403260,0.9919715
47409590,0.65648043
47429651,0.033855557
47446562,0.15039857
47446589,0.8699356
47450374,0.4858707
47474125,0.3927826
47490635,0.24855423
47570953,0.10556247
47589106,0.43594858
47607230,0.039304145
47618927,0.06798385
47652409,0.06362847
47742763,0.47018215
47812425,0.5907443
47852172,0.47376612
47895869,0.9182028
47937805,0.45486137
47960112,0.16090648
48023957,0.6902643
48026850,0.3218487
48038681,0.31582156
48047924,0.15245953
48048713,0.014892268
48098545,0.23064528
48150301,0.04526013
48156344,0.98707646
48172242,0.5554891
48198100,0.04476367
48224220,0.05555861
48241710,0.39118943
48259494,0.36828527
48289042,0.38310432
48303453,0.13606626
48417683,0.9423549
48493498,0.3856064
48503602,0.44570726
48611938,0.8885678
48629324,0.29115102
48644905,0.26066077
48655419,0.37101555
48675742,0.8892545
48719830,0.71537304
48746395,0.1535777
48755198,0.58674693
48765335,0.3209984
48770474,0.9355377
48771470,0.73463917
48802270,0.032294895
48805691,0.17594604
48857176,0.07422406
48895853,0.55666775
48923266,0.70957017
48925997,0.44425002
48931494,0.43706372
48971428,0.5038686
49009430,0.19400872
49035738,0.37344167
49061170,0.56386137
49078030,0.8475888
49083661,0.0040051714
49095286,0.4326723
49111108,0.083073206
49114415,0.11734412
49141264,0.8380985
49163174,0.05607606
49182911,0.2799796
49220108,0.73920685
49238238,0.455346
49254761,0.9719625
49285735,0.010581221
49288762,0.54963213
49290573,0.31623048
49314147,0.27377102
49339691,0.6546914
49365990,0.7146442
49386123,0.34880897
49400049,0.5761551
49463493,0.7750361
49465640,0.8484304
49502156,0.9716868
49543927,0.21746744
49572519,0.6758344
49599491,0.77260095
49600907,0.3633818
49604034,0.32109138
49605134,0.9026525
49637817,0.23014838
49648180,0.36242875
49697655,0.33396593
49704666,0.95871985
49749306,0.016697295
49787865,0.93406045
49815462,0.014262506
49867312,0.8180889
49876971,0.5905947
49895677,0.4647954
49903756,0.5391222
49917050,0.34565964
49929502,0.9832851
49979298,0.5188546
49980897,0.89641744
50000543,0.3487276
50032971,0.11028173
50034854,0.2966627
50068531,0.4100065
50082056,0.11630029
50116864,0.18354358
50130368,0.1649401
50185359,0.94936603
50188105,0.54374695
50188702,0.49760872
50194173,0.37493595
50244445,0.13601403
50246189,0.9840844
50281345,0.8243926
50281633,0.30260077
50340227,0.9170755
50371871,0.7733367
50389406,0.7106152
50423414,0.24736841
50571226,0.34904134
50594749,0.053847566
50598019,0.18008775
50606306,0.004360968
50628612,0.36902148
50677956,0.009541876
50707517,0.06276201
50734471,0.85596776
50797491,0.68098706
50825253,0.005115673
50921161,0.33926412
50988636,0.8669131
51025144,0.22851537
51059596,0.29437953
51070933,0.36973238
51189320,0.4124956
51314893,0.5019523
51324138,0.46377796
51333196,0.20452394
51392158,0.43064818
51413878,0.3913726
51464163,0.29510844
51468263,0.35168302
51468266,0.18091992
51499900,0.18728606
51543682,0.07104726
51549457,0.93844944
51553625,0.14899392
51615730,0.9429422
51619523,0.47734776
51641762,0.7451296
51643659,0.011862244
51734050,0.47719994
51740699,0.7884925
51745515,0.40918052
51822302,0.16440734
51838392,0.0073531945
51839664,0.28699616
51845087,0.5297586
51861640,0.25846443
51886931,0.34778646
52091338,0.30586576
52131601,0.8833541
52164822,0.85503316
52175576,0.5212189
52216376,0.26263535
52275965,0.56701964
52340213,0.7243086
52358368,0.35326356
52382187,0.6880186
52424807,0.43545288
52433000,0.45401558
52489320,0.5670567
52518753,0.08308588
52549295,0.926926
52575122,0.69092757
52586875,0.45025176
52588558,0.5023736
52591439,0.6252307
52594600,0.7074261
52612001,0.9754788
52623227,0.105525225
52636150,0.74631983
52658741,0.493474
52659936,0.9675382
52662094,0.91184515
52685147,0.4554102
52740417,0.5254453
52749529,0.3085194
52802973,0.40854537
52823541,0.05008436
52840860,0.4358694
52874920,0.86637336
52920077,0.6984208
52942037,0.28406996
52999771,0.6242549
53010322,0.11210336
53053662,0.009687192
53056498,0.02370202
53094781,0.18072492
53270690,0.9241585
53275229,0.5232771
53355085,0.6959505
53361712,0.24031857
53430793,0.30500528
53443876,0.37621063
53456419,0.84508723
53468179,0.95538783
53470175,0.2926637
53492952,0.19123454
53522229,0.23508154
53551644,0.11997937
53589977,0.1910717
53610753,0.23380925
53653672,0.4464081
53742244,0.8382162
53748811,0.9762729
53754591,0.04992193
53755004,0.9679759
53796916,0.9810791
53799749,0.16766582
53817387,0.7293591
53818229,0.9344646
53848566,0.0138879325
53882112,0.9904697
53889389,0.875178
53901395,0.32544145
53923485,0.17989996
53930440,0.10728067
53931678,0.33880553
53979285,0.48916817
54002443,0.6557471
54007135,0.7584561
54022699,0.15432003
54029679,0.5391658
54047312,0.82119393
54083546,0.04141384
54096213,0.82518524
54129921,0.08329134
54130460,0.8167714
54209192,0.9585783
54236542,0.052292734
54281801,0.8356407
54372604,0.02898436
54378637,0.3630914
54418606,0.4880908
54421340,0.8681225
54439127,0.05456608
54441407,0.2411111
54460104,0.82394296
54485932,0.20237191
54491451,0.24490224
54518053,0.9395509
54555974,0.44653875
54741237,0.948225
54779436,0.0821925
54889824,0.8651452
54982898,0.31993708
55003434,0.2817124
55013765,0.0061088977
55038839,0.4606483
55048771,0.94292134
55076114,0.15965565
55083943,0.8664583
55088715,0.10133685
55108009,0.49312752
55115986,0.9317093
55155321,0.420709
55185794,0.58942664
55192578,0.020615062
55199234,0.49466383
55221263,0.9864119
55234961,0.5017763
55251709,0.48276708
55253976,0.074990384
55271010,0.48942864
55357207,0.8775115
55358788,0.21237
55369363,0.3673313
55388963,0.35590777
55418175,0.976587
55483265,0.42778683
55529265,0.9780611
55534785,0.92952055
55541324,0.32397225
55552772,0.0017088456
55586299,0.18949147
55651106,0.966018
55675702,0.8347078
55708924,0.86906993
55713164,0.34595793
55746723,0.48717672
55762156,0.17439505
55793767,0.746091
55799185,0.3288751
55838594,0.8418201
55864383,0.73162913
55875274,0.3520137
55878885,0.17476901
55919477,0.9070097
55943826,0.0540348
55961571,0.16365734
55996916,0.43715316
56000334,0.065328665
56012853,0.10244315
56017905,0.61814326
56075018,0.03483994
56086567,0.9645925
56101679,0.64644593
56129260,0.9437221
56159156,0.6633738
56179132,0.9580393
56187152,0.13557118
56196393,0.92490333
56198812,0.24998334
56220704,0.8956282
56228080,0.85400563
56342135,0.43406063
56389592,0.7543629
56419413,0.69862163
56420052,0.007237792
56422922,0.9012574
56439236,0.41580862
56485020,0.7706556
56486360,0.76758647
56519127,0.7714173
56565030,0.7180396
56578583,0.3479093
56589562,0.854933
56606368,0.30615133
56709831,0.86176246
56755639,0.38006774
56763587,0.26630962
56783348,0.9768364
56783691,0.6223804
56786565,0.44792143
56794966,0.13557734
56818375,0.26922247
56887029,0.3135576
56936197,0.8770903
56937730,0.50082326
56939523,0.32142198
56980102,0.2090974
56988646,0.26888105
57006070,0.3342755
57042441,0.08709281
57045393,0.58495057
57050358,0.53093976
57070076,0.28475916
57153147,0.9867338
57215636,0.45651484
57220983,0.011493269
57249461,0.24297154
57288373,0.21522334
57293688,0.06973868
57295414,0.4153874
57309825,0.42241094
57375958,0.11856597
57451464,0.64770496
57512566,0.65679395
57591916,0.8015526
57595813,0.4532265
57604938,0.06661544
57665351,0.12541619
57690486,0.48002347
57749040,0.73921967
57753982,0.5269685
57757650,0.24522431
57775609,0.67745095
57823642,0.027688505
57847550,0.38497844
57850427,0.0071728774
57886259,0.040233348
57891135,0.8604369
57919012,0.17855442
57928592,0.9668746
57945406,0.66055983
57948758,0.7883513
57984645,0.37761626
58004721,0.9230562
58006798,0.73693025
58021788,0.30614588
58023930,0.52231175
58038456,0.4937511
58040316,0.25302473
58046523,0.49518657
58075552,0.74139416
58082547,0.030339435
58084771,0.58771044
58163794,0.33460703
58199695,0.4017103
58266143,0.54050726
58355955,0.6070359
58444075,0.68501896
58473772,0.39862034
58587337,0.43571177
58609411,0.103374586
58610022,0.7727632
58691571,0.1503641
58713656,0.9250836
58754755,0.9088744
58822685,0.08820362
58838122,0.68259114
58849512,0.8384059
58850590,0.6528048
58851931,0.45465976
58927964,0.86449754
58939019,0.023421744
58979178,0.076503105
59001640,0.025877696
59053159,0.9659343
59074588,0.37121448
59149631,0.3848358
59167103,0.24846156
59211382,0.5460458
59233664,0.7613386
59298345,0.21890645
59313494,0.4334172
59349430,0.35157737
59396928,0.336938
59447114,0.08023055
59500358,0.4213643
59561460,0.20616406
59612277,0.01612616
59624852,0.00848179
59627043,0.1667597
59651963,0.88350093
59709592,0.060488917
59723709,0.46988958
59728965,0.8104848
59763029,0.06432381
59818124,0.29985046
59836870,0.99674326
59839451,0.22671445
59848566,0.34805942
59863981,0.31798515
59867751,0.34136966
59871591,0.8590166
59880944,0.34619612
59912360,0.49365526
59956175,0.92688537
59994859,0.21702564
60004384,0.99106836
60026690,0.12769233
60029265,0.7079965
60037001,0.0646957
60046225,0.79797816
60064419,0.2356655
60070226,0.1721883
60073858,0.5760998
60111796,0.21337445
60130204,0.68540514
60145396,0.09998334
60183563,0.2020605
60185978,0.4170653
60228118,0.13659124
60248313,0.17594346
60309698,0.67031157
60320033,0.05757374
60340891,0.9452501
60374532,0.38888836
60405817,0.42598754
60434712,0.18333825
60446415,0.21956418
60516576,0.48039067
60525551,0.18683481
60545607,0.16303307
60708146,0.38973397
60743141,0.012321393
60743656,0.5836791
60751900,0.38787964
60791671,0.9683616
60859745,0.024125094
60895734,0.8541303
60922466,0.12083287
60944935,0.21468411
60953316,0.26707676
61009373,0.21463305
61016907,0.116138995
61034383,0.8922684
61077537,0.9508739
61078488,0.04282498
61123305,0.13769235
61133128,0.47601065
61145296,0.039682273
61192669,0.9114648
61197025,0.3575402
61225878,0.014061861
61244703,0.06296863
61287858,0.3615575
61301814,0.10266799
61312532,0.26989555
61317308,0.4714372
61324530,0.34846187
61335203,0.33808428
61385934,0.021434866
61436963,0.45949084
61444633,0.8124404
61455368,0.4562112
61463117,0.7794443
61463328,0.14305481
61511533,0.21167582
61520864,0.97038966
61542297,0.99427855
61561173,0.07669562
61598535,0.268091
61613971,0.29405192
61628505,0.20413098
61630225,0.2536972
61710092,0.48794898
61713959,0.7175803
61715380,0.23122989
61733281,0.037028696
61758325,0.22620483
61774332,0.5255405
61781661,0.031735722
61783531,0.04666652
61796054,0.99774194
61799579,0.0187953
61813188,0.09196323
61845978,0.39895248
61853422,0.523219
61942604,0.42324233
61968077,0.67721844
61978280,0.9733532
61990441,0.08802008
62001381,0.78096133
62030642,0.0012180535
62044192,0.8338861
62052075,0.46520603
62140553,0.33061874
62155762,0.477315
62168921,0.2962113
62186405,0.25147304
62245522,0.8899885
62258087,0.7036523
62309471,0.9986148
62337080,0.42508858
62353531,0.4244227
62379003,0.3086587
62408292,0.58976924
62408586,0.83171684
62423418,0.48654285
62427467,0.7054155
62434324,0.38596627
62509484,0.76634556
62572152,0.7316374
62586401,0.74373865
62598132,0.77026457
62666744,0.133001
62679832,0.15826888
62727101,0.01145813
62745906,0.95659757
62752982,0.8056897
62760931,0.03937908
62778413,0.45016038
62821040,0.89922065
62832400,0.11245493
62886702,0.068521574
62903374,0.53591466
62935972,0.19931133
62941427,0.9340333
63022546,0.31924856
63030316,0.8304468
63109769,0.97620153
63110013,0.14315608
63114071,0.44502032
63133456,0.5064693
63144428,0.08535493
63146105,0.20050208
63233186,0.14978239
63254157,0.97229296
63265381,0.26096347
63273720,0.5348388
63281295,0.6842497
63299169,0.98822635
63304022,0.21515708
63387944,0.023773145
63389358,0.2083551
63394997,0.19245632
63445893,0.64916134
63451946,0.9801738
63474988,0.95925456
63476418,0.6511446
63481603,0.046587862
63532469,0.14334436
63578851,0.39955303
63581453,0.17366204
63640377,0.07571228
63654730,0.2497993
63660394,0.16174994
63661024,0.024025036
63688905,0.081953466
63711780,0.1773227
63720618,0.87434083
63738439,0.4841271
63770741,0.27628607
63791366,0.98232687
63801566,0.0168075
63815810,0.4633515
63833221,0.034120455
63842332,0.39491317
63850645,0.009140417
63852015,0.32331675
63862815,0.66267216
63879297,0.46636623
63880907,0.24439082
63886354,0.04251646
63923246,0.7341701
63944126,0.2160668
64004910,0.05637248
64017478,0.025787326
64026830,0.96135247
64029834,0.8298794
64056554,0.17971383
64070636,0.539275
64087631,0.21211599
64128304,0.83192736
64136501,0.124155305
64152962,0.6431129
64172822,0.99492186
64228662,0.6788589
64243199,0.024594463
64261604,0.16012003
64312830,0.37012768
64359200,0.30389977
64398432,0.48570707
64410602,0.22015958
64472759,0.28620613
64497822,0.9156022
64510946,0.044508204
64568634,0.34350178
64612686,0.26818565
64615129,0.0082912175
64627292,0.2980305
64634486,0.42421296
64647717,0.18806505
64689367,0.818435
64694340,0.93507767
64700052,0.17836222
64718123,0.029102927
64727059,0.013547815
64756863,0.91849875
64772015,0.45852315
64829915,0.5429552
64855819,0.57009333
64862509,0.25949848
64879985,0.3013397
64887559,0.16266976
64952541,0.11992237
64956931,0.6912489
64977335,0.32555768
64980975,0.14595743
65015384,0.2187853
65082603,0.06948554
65102839,0.117325276
65105434,0.5900707
65154523,0.53168327
65158867,0.27524814
65218458,0.24089387
65220358,0.3249142
65220466,0.01464631
65224677,0.5084334
65231233,0.005160595
65234865,0.5300868
65283526,0.69405353
65298387,0.38657695
65309740,0.17676689
65335407,0.7782457
65335641,0.8309408
65384696,0.95487016
65393099,0.51406753
65423932,0.57471234
65460714,0.27904192
65460931,0.27916023
65526075,0.03124326
65608139,0.989748
65639862,0.015079164
65658944,0.4633436
65734444,0.47918752
65745245,0.14116757
65758751,0.73373187
65876954,0.21506071
65891854,0.109933704
65933176,0.96392274
65945953,0.095193446
65956325,0.23178454
66061266,0.98219967
66096689,0.48344916
66119425,0.06993398
66143775,0.19895272
66146116,0.12173027
66171394,0.45854658
66190992,0.10081681
66206996,0.33427393
66227697,0.43581146
66241278,0.6469042
66256416,0.65904206
66287048,0.6512583
66367958,0.23511621
66372978,0.9809616
66391854,0.9047196
66418902,0.99188995
66434526,0.7308203
66495185,0.5742275
66532772,0.5918143
66557169,0.067253634
66575542,0.16465558
66588178,0.994697
66628884,0.15891172
66679335,0.2475884
66714675,0.94141454
66717911,0.26112527
66738934,0.9395273
66743297,0.15735848
66751696,0.6242135
66802399,0.37336427
66813517,0.34503475
66838542,0.7890209
66843516,0.40815046
66864421,0.42535773
66894927,0.9083108
66956350,0.034839064
66986757,0.8605732
67014164,0.78507453
67080684,0.0972124
67087438,0.42002448
67088724,0.14698605
67106063,0.355926
67175981,0.8651279
67216029,0.24655227
67257684,0.65200746
67271436,0.15932351
67280871,0.3496373
67327004,0.6958622
67334854,0.11838579
67383663,0.06856521
67453486,0.14492792
67473291,0.9802099
67480620,0.10180931
67595521,0.3261592
67596113,0.6223712
67628722,0.87749773
67642602,0.6047803
67650676,0.026174463
67665729,0.14848758
67680924,0.3836779
67710245,0.59784716
67715187,0.50763756
67761403,0.10575348
67818644,0.44287845
67828097,0.021427754
67843345,0.2754688
67874003,0.9871428
67881606,0.038125202
67939153,0.84516495
67945756,0.15813926
67948907,0.11682343
67984042,0.49038592
68051153,0.763679
68089024,0.9094686
68090845,0.4841633
68123922,0.33594653
68173839,0.7723436
68178858,0.8316947
68191064,0.037654147
68234295,0.9624563
68248010,0.86715317
68257594,0.072316416
68273832,0.9409305
68326027,0.27924713
68368659,0.16066073
68371332,0.9880106
68393589,0.0019832614
68399884,0.1336619
68428305,0.19071963
68540284,0.8784278
68600759,0.651623
68651573,0.2164735
68742453,0.04024029
68753997,0.727417
68779832,0.041280374
68799656,0.2571032
68800304,0.9905186
68824824,0.30049068
68845980,0.025589524
68874729,0.19746177
68885379,0.05249023
68961483,0.5652838
68961647,0.70792854
68988272,0.5927611
68993750,0.30201763
69057138,0.30781615
69086434,0.9123959
69131449,0.93215954
69132063,0.3057701
69142971,0.7550017
69148229,0.25559908
69200489,0.80437297
69202436,0.064163625
69284063,0.7139056
69313142,0.13757913
69401263,0.44160378
69447665,0.6047266
69487700,0.30044356
69512175,0.14263795
69524587,0.20528674
69546316,0.27495027
69586432,0.1848743
69587520,0.050812855
69609386,0.32862955
69613297,0.40343082
69628963,0.25929788
69639969,0.6798543
69683810,0.32209578
69693001,0.25791606
69705190,0.90362215
69711372,0.52410704
69715217,0.45248556
69765249,0.0041147317
69781882,0.42496783
69782822,0.015786072
69868888,0.37131286
69886005,0.5791983
69925212,0.11763399
69973522,0.7563159
70027904,0.97891366
70050692,0.9026803
70067992,0.36032012
70114420,0.26746103
70128202,0.4486763
70143123,0.07394783
70168817,0.7750314
70178916,0.85264844
70207491,0.4703198
70225938,0.1610695
70255884,0.83353204
70259852,0.43702668
70277633,0.4821509
70302931,0.032934092
70306450,0.23603855
70323790,0.9440931
70326821,0.13171773
70360096,0.9652644
70391198,0.50575465
70420440,0.66217375
70426342,0.32670897
70431954,0.7319181
70454187,0.9756994
70473209,0.99328375
70486266,0.5845191
70502896,0.16266134
70510571,0.81981736
70525253,0.1589276
70532099,0.015985202
70570397,0.7504033
70585961,0.930085
70624880,0.16161515
70635851,0.39615217
70666604,0.744681
70678764,0.45066097
70690635,0.75496924
70711430,0.108171456
70734869,0.60072327
70738904,0.9317248
70749151,0.675101
70756441,0.51681244
70790743,0.13257052
70819605,0.01656338
70837587,0.96791697
70848169,0.43139702
70883403,0.8601779
70888346,0.51529706
70892549,0.12996878
70892783,0.08874133
70895667,0.9293125
70921924,0.55349326
70930381,0.38760415
70939175,0.37568346
70972809,0.9027588
70982049,0.36946523
71000193,0.8047565
71118529,0.009778837
71160914,0.21417177
71172808,0.46655092
71190411,0.47280157
71211832,0.9499208
71213789,0.055983137
71225839,0.26647055
71256126,0.011360857
71263781,0.071339265
71311316,0.41197258
71466187,0.048939355
71471760,0.058423012
71485222,0.3135207
71513657,0.96867204
71516645,0.64319223
71549503,0.64356554
71577803,0.04054017
71599076,0.25191498
71607343,0.6718822
71632352,0.9556727
71644043,0.84351563
71646377,0.58238584
71648241,0.38686046
71654211,0.7552082
71719624,0.13909596
71746746,0.3249114
71759640,0.14072867
71763484,0.563796
71803482,0.74147207
71812094,0.7613753
71835764,0.05011782
71865788,0.3975416
71867287,0.027720885
71874115,0.3918436
71902723,0.29636833
71911679,0.6220273
71922409,0.48637336
71966532,0.1365231
71982064,0.41666666
71996109,0.4117925
72033624,0.9791116
72078831,0.22676076
72087231,0.86882395
72099201,0.5598176
72107908,0.19231506
72149080,0.055082932
72188664,0.9223815
72200763,0.10706273
72224381,0.8582231
72301958,0.33032683
72327046,0.8581295
72430383,0.93501014
72469614,0.22547619
72470388,0.789251
72530373,0.37911284
72534932,0.5430858
72547488,0.27850515
72566501,0.068089694
72568668,0.5210713
72570760,0.35717848
72575284,0.8801419
72576023,0.037033632
72577730,0.014880752
72586209,0.47541034
72605688,0.47419205
72617904,0.72313327
72646455,0.43599504
72662346,0.8888925
72665325,0.41822833
72674186,0.8897526
72735622,0.14222476
72760153,0.7507639
72780460,0.26994663
72802446,0.2147293
72805553,0.23125178
72805662,0.033880748
72818498,0.5570263
72834202,0.59530765
72851893,0.10691053
72855316,0.09997781
72896314,0.59752923
72908719,0.9560213
72921986,0.9588335
72943900,0.9870055
72956635,0.45510036
72959227,0.3443389
73001101,0.24828199
73006095,0.44027495
73020625,0.27009013
73024764,0.083273776
73025235,0.15101737
73031784,0.65592384
73033241,0.43195975
73067127,0.03388113
73110554,0.59827983
73117692,0.41124555
73139150,0.35003486
73182529,0.05472314
73197097,0.7624378
73197417,0.09472837
73205353,0.35972354
73221113,0.3406931
73227910,0.36422655
73238226,0.5135261
73257334,0.24845818
73263137,0.1578875
73263344,0.6587102
73300172,0.30696496
73374980,0.8796598
73380812,0.53829765
73402777,0.015503815
73426176,0.07442469
73448532,0.097934864
73459433,0.71156675
73474493,0.4368475
73510477,0.17678775
73538858,0.8822388
73580357,0.6338175
73584882,0.12922509
73599818,0.8365187
73649979,0.14637718
73685445,0.3817431
73778310,0.7887363
73778579,0.014034697
73895152,0.8585959
73963911,0.04671699
73972092,0.775855
73985249,0.031905834
74040897,0.72338784
74041795,0.03498934
74082471,0.342813
74085720,0.14574881
74129296,0.4429672
74132202,0.18141891
74134155,0.009583344
74144325,0.78131545
74173548,0.9837286
74218826,0.30790266
74280926,0.7610202
74285914,0.3328358
74331777,0.99594104
74332639,0.13020344
74351422,0.6352088
74428668,0.14369404
74476679,0.88482636
74619328,0.122629866
74639060,0.6809569
74667149,0.7955221
74708086,0.013186337
74760028,0.06630756
74800099,0.88652986
74854618,0.9850767
74856664,0.07808575
74870263,0.34009662
74878201,0.6835012
74917343,0.34790117
74942122,0.8369911
74951485,0.812081
74975576,0.106392674
74993422,0.8823733
75078586,0.056966037
75082331,0.5268767
75101515,0.201884
75131411,0.2859818
75152402,0.90977454
75156736,0.88310254
75215258,0.2853188
75278479,0.55102575
75346002,0.4737257
75360806,0.09634138
75405781,0.62963355
75405930,0.5140256
75439876,0.003757821
75445093,0.74848
75463975,0.23004743
75472683,0.5050133
75474815,0.8333034
75496316,0.19862808
75521890,0.6492163
75562265,0.6152911
75562483,0.5322205
75581098,0.58718216
75724912,0.82803804
75733224,0.36747405
75739243,0.34893796
75846272,0.00493409
75859815,0.09568734
75991312,0.3181854
76010375,0.8999542
76012702,0.74022245
76043922,0.22592418
76058479,0.5463813
76071190,0.47486252
76096102,0.6631645
76111213,0.9316279
76113396,0.8203481
76123682,0.6876206
76132762,0.08011085
76182785,0.018679153
76275465,0.3644874
76279638,0.14729434
76295130,0.02880665
76313007,0.13427252
76316323,0.9953941
76343616,0.18426536
76348095,0.7803487
76362870,0.33502886
76389630,0.2646292
76477099,0.3567001
76508197,0.06895829
76547967,0.98948425
76566285,0.18322377
76580001,0.67636555
76598280,0.35487106
76606343,0.6559901
76655905,0.2727454
76716437,0.94213384
76722928,0.2620318
76770632,0.48235384
76844676,0.4692159
76844980,0.5890768
76922612,0.4154895
76924312,0.14616057
76932822,0.27968544
76955574,0.031325847
77005402,0.115734614
77010833,0.6947993
77019439,0.04812967
77031071,0.27144885
77044325,0.8973356
77084405,0.72727156
77134120,0.57362044
77148640,0.96817446
77169964,0.14280665
77190492,0.95848346
77197301,0.6308294
77226156,0.09229746
77245317,0.0024145504
77249213,0.16560179
77258785,0.18813308
77275321,0.85669434
77277302,0.5323428
77283889,0.6307348
77320734,0.7663619
77388478,0.47335362
77391649,0.4076075
77435966,0.22799511
77493006,0.10572483
77592534,0.13001029
77634195,0.7160489
77686369,0.6357019
77740256,0.17687634
77742800,0.1996675
77773677,0.97258466
77825659,0.021244561
77856088,0.7890321
77862154,0.013388458
77874706,0.67372745
77880992,0.8420373
77992281,0.33773908
78016866,0.690762
78045598,0.18926582
78066879,0.7024051
78085289,0.42476106
78103849,0.25754815
78121191,0.028983537
78153509,0.013556965
78186078,0.9694709
78202726,0.7814495
78223460,0.28151822
78237178,0.2863654
78374578,0.2434793
78408006,0.93422574
78476887,0.31241256
78541979,0.9533847
78548598,0.91374373
78567402,0.11912227
78585529,0.17736804
78593569,0.18001327
78629672,0.64113647
78649713,0.61733353
78665301,0.9472058
78714161,0.80876863
78728860,0.43484783
78737613,0.8200044
78738215,0.9055774
78771111,0.26833385
78847089,0.20834361
78917074,0.11168637
78941524,0.22912502
78955924,0.49013263
79038293,0.68794316
79161779,0.7502472
79180109,0.797892
79206023,0.25788155
79234200,0.25519404
79234235,0.58422196
79244056,0.21358037
79244627,0.026587654
79274575,0.422095
79278466,0.23142609
79280282,0.30067074
79286032,0.1648608
79340305,0.12170139
79363745,0.45680922
79405352,0.3195743
79414195,0.91253376
79422293,0.3907771
79424199,0.83105266
79431697,0.15829226
79434044,0.913494
79452683,0.79521835
79471746,0.47352248
79482155,0.25911027
79492634,0.07481056
79503987,0.05690298
79518624,0.7257416
79583123,0.31325638
79620564,0.066976696
79637922,0.07206154
79708376,0.7142011
79717877,0.0380547
79733502,0.3362512
79743129,0.3433586
79784743,0.5231276
79791349,0.20640416
79840653,0.4258347
79867228,0.8330468
79875919,0.7427307
79937759,0.63364553
79963943,0.24234585
79986613,0.045423117
80021276,0.6489057
80092328,0.6946968
80112107,0.36323276
80127004,0.87156165
80140412,0.009587807
80174742,0.4921568
80216017,0.24257752
80219999,0.3928619
80223109,0.9341939
80229606,0.35051355
80235969,0.21056287
80240089,0.8012924
80247250,0.6046008
80269026,0.8044561
80278552,0.7915643
80292281,0.99513286
80301732,0.55025387
80324834,0.37625897
80339866,0.9832903
80383406,0.29401132
80410859,0.7851447
80444902,0.055209074
80470048,0.31781286
80557463,0.45832026
80591981,0.7695523
80599627,0.24144089
80599806,0.9544777
80600060,0.32472488
80615590,0.881558
80647302,0.53044546
80680534,0.3087574
80742712,0.75593877
80777190,0.044940922
80777234,0.45162055
80783299,0.093335055
80795846,0.89627224
80795959,0.22140892
80877376,0.06401514
80882045,0.05553556
80902013,0.5515542
80921652,0.59690374
80932478,0.5101572
80946485,0.34873793
80954841,0.32447654
80977744,0.92360795
80981100,0.88205343
81019657,0.7272154
81058555,0.35118267
81086442,0.750327
81135337,0.82034624
81170837,0.2558491
81176688,0.13646571
81186549,0.5192327
81205414,0.59667
81205700,0.9347126
81249417,0.8046528
81254554,0.5520195
81283191,0.7889611
81330533,0.77303386
81331404,0.9270052
81374126,0.4911102
81428597,0.32362747
81429049,0.4186069
81442390,0.19682607
81456554,0.4575298
81479825,0.9884233
81483040,0.1872388
81583222,0.056421008
81671241,0.86309326
81727321,0.74737656
81765820,0.37541696
81812013,0.37021852
81862398,0.20549974
81887146,0.19941813
81898530,0.39026168
81900784,0.77135944
81972666,0.023514938
82029848,0.008755981
82064262,0.7322422
82070267,0.121465944
82114742,0.9743388
82127108,0.9945846
82174396,0.24514213
82186195,0.4738093
82192368,0.014117934
82234503,0.49838552
82244228,0.0021556418
82252018,0.09708898
82268474,0.8859385
82294843,0.3751897
82308369,0.99060655
82376585,0.420166
82376700,0.8266308
82384335,0.5075209
82433747,0.12095951
82539477,0.3567084
82547399,0.28190157
82561709,0.2178954
82581973,0.9559201
82596628,0.3784757
82665096,0.84775954
82670667,0.00520505
82683681,0.97256696
82720641,0.0045216614
82759519,0.9919453
82760821,0.9061708
82772349,0.97375655
82777964,0.9101817
82797588,0.06579118
82798642,0.097434565
82839957,0.09985236
82873839,0.22843865
82904098,0.57223505
82906365,0.02208058
82934797,0.53381175
82970785,0.13328482
83017118,0.1926704
83072268,0.29733855
83073247,0.9282461
83193869,0.22842824
83203206,0.15281351
83215423,0.84884447
83216267,0.171833
83258118,0.45438418
83260097,0.91701835
83261662,0.17909901
83266060,0.019463891
83334930,0.315782
83340880,0.67999595
83370979,0.96267784
83399464,0.058151074
83441417,0.09608034
83490400,0.49132824
83517007,0.033456564
83519788,0.71810323
83566651,0.42381895
83627582,0.6452636
83720437,0.7171532
83724633,0.07403068
83759123,0.90070444
83793452,0.27332315
83846827,0.35657898
83902689,0.16609897
83907805,0.37481028
83941637,0.30861366
83943760,0.9305232
84077404,0.14443731
84080831,0.6079355
84103169,0.546054
84130274,0.3640325
84148408,0.083519086
84155118,0.9267688
84155622,0.8235463
84194040,0.5813659
84203354,0.9002855
84277284,0.36712712
84380814,0.12937579
84403363,0.117233455
84422977,0.99042386
84425967,0.9652735
84430668,0.629018
84457808,0.50623274
84477305,0.048278265
84499692,0.33580524
84534351,0.654508
84561375,0.4460123
84576470,0.27472016
84591427,0.37900478
84592673,0.18299913
84608194,0.6530126
84656973,0.2099048
84674282,0.6011198
84710659,0.30459353
84734887,0.8786226
84795885,0.11142435
84816985,0.34597632
84841544,0.004958835
84846919,0.97279966
84848102,0.2615845
84868136,0.44980153
84940280,0.8219682
84979902,0.707293
84998727,0.50026613
85086733,0.24147005
85102588,0.07622039
85169712,0.05338387
85187502,0.29522598
85202027,0.8022037
85219732,0.24290474
85284514,0.018496813
85302434,0.25266224
85372378,0.38860062
85384756,0.5396025
85493138,0.34051153
85572010,0.16069825
85614078,0.058896124
85626879,0.13750204
85635610,0.97520214
85648406,0.6215273
85660140,0.57786506
85664430,0.47902197
85678569,0.036681864
85681838,0.46056756
85686490,0.44927478
85695839,0.07648975
85783576,0.2712695
85815529,0.010356607
85821996,0.05840097
85834562,0.25997725
85854450,0.7612801
85861930,0.2897614
85862087,0.019067932
85862843,0.18430793
85884054,0.6043201
85890860,0.660755
85923483,0.55803174
85971877,0.74345994
85985640,0.94225705
86000591,0.59326196
86007707,0.44627005
86015389,0.96264523
86049742,0.9118559
86147502,0.58839935
86153858,0.4430007
86199849,0.6243321
86200878,0.87817436
86240133,0.44891092
86244234,0.64656335
86274674,0.9855027
86304957,0.04887867
86305054,0.7890548
86327634,0.36721396
86360614,0.2411447
86369588,0.27674404
86370215,0.6047072
86416983,0.77723265
86446782,0.9251241
86467196,0.982935
86499264,0.97535896
86499817,0.71431035
86509530,0.6080187
86538345,0.010897825
86544211,0.037076898
86569593,0.07350182
86605121,0.33028597
86629509,0.45501587
86639682,0.9752685
86641978,0.79458314
86671427,0.9121561
86680398,0.13836901
86682224,0.08610043
86689546,0.32972306
86690867,0.45157135
86695282,0.6322634
86714506,0.28221768
86727725,0.24156608
86731830,0.21914186
86759507,0.12661663
86796306,0.6161782
86829925,0.6344281
86841018,0.9705381
86865629,0.92472535
86924089,0.5828855
86941639,0.54201967
86968171,0.9121131
86985779,0.81262565
87003793,0.067060165
87029440,0.94317615
87084168,0.44017923
87125342,0.043055568
87135380,0.3621719
87136979,0.53514725
87222013,0.49690506
87301914,0.47545707
87391363,0.063977726
87410536,0.46813905
87450579,0.3431449
87450603,0.9486577
87455713,0.16461587
87460303,0.024540935
87481444,0.23427942
87567939,0.0699574
87655247,0.6093034
87667031,0.19348164
87670097,0.51351726
87674501,0.1809763
87679024,0.21935318
87679623,0.3629032
87691321,0.9304525
87695373,0.570264
87729038,0.3056584
87732921,0.35814205
87784181,0.5050899
87830992,0.040182035
87851013,0.8768838
87866237,0.3596653
87891115,0.5412234
87902560,0.5751898
87923873,0.022160366
87945762,0.71266973
87961010,0.65764344
88006900,0.17289287
88062761,0.70213073
88131351,0.7144269
88154104,0.58042353
88183948,0.48563802
88227575,0.70413285
88229777,0.0466813
88288737,0.016747616
88300913,0.59782505
88330641,0.64526325
88351231,0.72943074
88365698,0.009903574
88381579,0.8304119
88382859,0.4767381
88442358,0.9433575
88450089,0.17733188
88478994,0.18040061
88515012,0.117263965
88536358,0.85635334
88565756,0.22644994
88606839,0.22448449
88612631,0.34634712
88668155,0.015991107
88679468,0.68896365
88713629,0.5023054
88727220,0.9394667
88727545,0.510536
88750461,0.015807
88762055,0.88960797
88794218,0.19924045
88845524,0.43462092
88887169,0.94486415
88924303,0.18311422
88936620,0.030916853
88938877,0.27456835
88986376,0.8371901
89019714,0.97867924
89054135,0.1436092
89061590,0.51645136
89069735,0.21189116
89095703,0.4202566
89148908,0.7748145
89157170,0.042702436
89206126,0.72941196
89235739,0.7781249
89267268,0.9486434
89321452,0.4578339
89323856,0.9050117
89361850,0.25100386
89409884,0.5815676
89431544,0.7403177
89470916,0.078317925
89501240,0.798087
89573230,0.31327558
89613115,0.10397355
89619970,0.927272
89647691,0.45043522
89653769,0.7774514
89700094,0.22778648
89721350,0.009585031
89740943,0.6769731
89761230,0.42296457
89786835,0.67724746
89938970,0.3494323
89963751,0.07804659
89989620,0.095286615
90053651,0.8891078
90072280,0.935296
90081271,0.9384656
90134592,0.57152367
90169769,0.30372384
90184033,0.21228436
90199889,0.5035916
90278223,0.07592311
90345699,0.17607106
90350810,0.65247077
90370030,0.51138806
90408943,0.86606556
90514029,0.27938914
90553172,0.9233919
90577004,0.4499295
90607472,0.84473944
90691233,0.24273919
90700555,0.35793322
90732869,0.396421
90756257,0.0111526605
90759096,0.20906451
90759354,0.015263106
90773101,0.9473498
90820233,0.9165702
90858767,0.95123094
90879835,0.1604885
90891731,0.41754228
90918201,0.36964062
90923818,0.772541
90936101,0.39710274
90949661,0.7657506
90958995,0.07075059
90961024,0.31447423
91097165,0.02619922
91097632,0.87459564
91101111,0.16119666
91101945,0.3272249
91116884,0.44575036
91128848,0.13476439
91173477,0.50856984
91183805,0.7803551
91200815,0.19157857
91230552,0.26793054
91237635,0.2754652
91248192,0.5186553
91248365,0.9838955
91278241,0.41811502
91301143,0.049345843
91395350,0.52516747
91403118,0.47438452
91408264,0.054970425
91417170,0.12443625
91424577,0.43214837
91470172,0.84337777
91477604,0.60496646
91485618,0.7790667
91524184,0.42840165
91541254,0.9832819
91575818,0.039866153
91632940,0.6316516
91647598,0.035923947
91681704,0.96848106
91683449,0.7854924
91710155,0.9723875
91712876,0.108413264
91764449,0.15090464
91848781,0.20087239
91850106,0.60970235
91869702,0.11124884
91937494,0.5203485
91974511,0.94210654
91996945,0.861005
92052392,0.81964993
92056774,0.97098273
92058958,0.030978277
92084454,0.41497797
92097660,0.72322035
92142815,0.55408144
92143960,0.15058538
92152611,0.76998657
92177496,0.92628324
92177979,0.8444048
92197764,0.98084784
92259194,0.3259142
92316134,0.009760579
92378036,0.11530452
92413508,0.6049015
92418320,0.70497066
92491235,0.19176355
92535930,0.10294309
92569234,0.89320844
92584117,0.9086213
92627852,0.6338844
92636266,0.2160879
92686005,0.12125602
92702941,0.5393428
92740981,0.76811314
92785744,0.7289839
92794277,0.60458034
92820759,0.20213501
92843976,0.43456158
92858142,0.13026926
92867125,0.24248894
92874020,0.5291653
92919566,0.024516426
93022789,0.80505097
93031909,0.033346638
93035249,0.4655904
93097060,0.3850012
93097735,0.33076164
93115285,0.15934911
93123732,0.6011546
93183173,0.2648383
93221804,0.16266052
93267321,0.76288944
93314098,0.07029076
93329704,0.027661825
93361647,0.4965444
93366462,0.38141078
93369119,0.8404041
93389766,0.1425688
93419578,0.5010744
93428215,0.15998492
93470404,0.22477855
93489804,0.90219885
93501484,0.41839045
93554277,0.21888733
93559700,0.98950374
93572416,0.9572612
93636779,0.10151298
93677449,0.5402906
93682887,0.0983582
93683614,0.337146
93699607,0.07312976
93798164,0.5687309
93803703,0.95420176
93805180,0.17125417
93851389,0.64298743
93971006,0.8670263
94012245,0.18925963
94018403,0.218657
94030669,0.94520175
94050884,0.3662859
94060979,0.63712084
94064467,0.08816131
94110803,0.73966527
94156006,0.6149468
94157282,0.20828085
94166854,0.74266547
94180042,0.7174229
94209253,0.11353686
94211449,0.18879639
94225315,0.78574216
94271606,0.42016393
94284222,0.9496828
94308769,0.5378838
94322959,0.8322093
94332415,0.004471854
94338187,0.53340393
94358239,0.20844063
94362880,0.58140594
94367969,0.62938535
94388569,0.8384627
94397499,0.1729562
94401954,0.08084978
94422888,0.097808816
94425915,0.8536525
94510903,0.061451532
94513734,0.5041462
94544913,0.5429518
94546274,0.09452857
94599009,0.0822305
94601019,0.17507689
94603349,0.40297183
94619955,0.9607983
94668608,0.73761666
94680386,0.2589794
94702439,0.40600693
94724607,0.64352685
94751380,0.99758244
94761433,0.019555034
94820148,0.40767878
94822605,0.71615714
94852692,0.767861
94864243,0.21846072
94887386,0.85778314
94899216,0.6992516
94925004,0.22817491
94982732,0.5851837
94999085,0.22779255
95016087,0.106914505
95046694,0.02001362
95088517,0.29521722
95110266,0.7211502
95154029,0.81295776
95202077,0.0046211146
95242792,0.7849281
95335790,0.9837337
95428946,0.4112957
95452501,0.8213107
95459686,0.5590388
95475172,0.3525951
95602389,0.10457484
95621309,0.41697043
95682784,0.16908886
95687369,0.3810879
95688478,0.25100687
95724637,0.37146637
95731809,0.58965236
95748592,0.7184491
95828906,0.24986346
95852599,0.11578433
95873844,0.0043369737
95907556,0.27648878
95942495,0.23428622
96016945,0.07914482
96083218,0.69729036
96131268,0.5213628
96151095,0.31175238
96176950,0.5376127
96197691,0.8756841
96225247,0.7301141
96249591,0.10157985
96257179,0.0897017
96275671,0.90039766
96297127,0.7378465
96319425,0.8815491
96345792,0.8492434
96438067,0.88780147
96439369,0.28069565
96458290,0.10699461
96496203,0.45353535
96541740,0.24671713
96557810,0.99013877
96626493,0.026417902
96651881,0.61775774
96661157,0.110565305
96666345,0.42042977
96814440,0.021672761
96821552,0.0033400324
96824387,0.06036712
96833464,0.008109065
96866054,0.79676116
96889493,0.2589048
96915451,0.5704815
96934809,0.28699175
96955120,0.8207731
96975786,0.8205475
96998453,0.14022544
97047880,0.06234903
97068969,0.62881005
97076546,0.73932457
97084564,0.14285277
97169970,0.79179955
97221648,0.13766688
97262944,0.34595364
97359689,0.62484276
97376938,0.98521984
97502266,0.10117545
97513780,0.37035507
97517538,0.5674039
97534328,0.4362484
97542198,0.15563746
97567417,0.44490004
97586387,0.69301206
97645998,0.91010606
97666258,0.010596598
97687262,0.256001
97715009,0.56454057
97811444,0.34342504
97837122,0.6951138
97869349,0.6520603
97872286,0.5139251
97913958,0.8657449
97921609,0.6769914
97938106,0.5082278
97986854,0.8963115
97993598,0.14813732
98047150,0.11726828
98137482,0.06600792
98143403,0.54535866
98146967,0.9590477
98151823,0.44597918
98215373,0.19248283
98273636,0.017855702
98276580,0.14184432
98282423,0.911887
98313092,0.4926624
98362353,0.97087336
98373084,0.9957634
98404918,0.26650986
98434538,0.16285646
98446132,0.34239668
98455054,0.28108883
98465384,0.01509882
98513618,0.9939944
98602458,0.96644455
98605442,0.68687195
98687107,0.16480696
98704281,0.20250492
98751596,0.22158156
98762469,0.43328118
98767924,0.56420904
98860154,0.5321966
98882512,0.22055644
98891307,0.29710317
98963859,0.36088133
98991212,0.32149985
98995299,0.25315383
99014776,0.32429028
99074250,0.34474742
99094186,0.106878296
99141554,0.7321054
99149408,0.15569398
99165645,0.008300316
99194934,0.6750432
99220694,0.9062923
99225265,0.8084447
99266697,0.46822077
99305752,0.18476094
99331069,0.44653246
99418967,0.04816843
99544631,0.09023385
99613276,0.042331655
99623433,0.44969854
99643686,0.019241588
99652208,0.05101922
99713467,0.0277101
99729098,0.41139996
99751100,0.11979555
99785861,0.09033468
99804009,0.27162257
99836889,0.27393588
99849278,0.55806285
99888537,0.3788554
99918216,0.31645432
99938948,0.019292662
99953525,0.17000471
99985917,0.47552514
99991245,0.9299245
